-- MySQL dump 10.13  Distrib 8.0.23, for Win64 (x86_64)
--
-- Host: localhost    Database: last
-- ------------------------------------------------------
-- Server version	8.0.23

/*!40101 SET @OLD_CHARACTER_SET_CLIENT=@@CHARACTER_SET_CLIENT */;
/*!40101 SET @OLD_CHARACTER_SET_RESULTS=@@CHARACTER_SET_RESULTS */;
/*!40101 SET @OLD_COLLATION_CONNECTION=@@COLLATION_CONNECTION */;
/*!50503 SET NAMES utf8 */;
/*!40103 SET @OLD_TIME_ZONE=@@TIME_ZONE */;
/*!40103 SET TIME_ZONE='+00:00' */;
/*!40014 SET @OLD_UNIQUE_CHECKS=@@UNIQUE_CHECKS, UNIQUE_CHECKS=0 */;
/*!40014 SET @OLD_FOREIGN_KEY_CHECKS=@@FOREIGN_KEY_CHECKS, FOREIGN_KEY_CHECKS=0 */;
/*!40101 SET @OLD_SQL_MODE=@@SQL_MODE, SQL_MODE='NO_AUTO_VALUE_ON_ZERO' */;
/*!40111 SET @OLD_SQL_NOTES=@@SQL_NOTES, SQL_NOTES=0 */;

--
-- Table structure for table `bibliotheque`
--

DROP TABLE IF EXISTS `bibliotheque`;
/*!40101 SET @saved_cs_client     = @@character_set_client */;
/*!50503 SET character_set_client = utf8mb4 */;
CREATE TABLE `bibliotheque` (
  `id` bigint NOT NULL AUTO_INCREMENT,
  `adresse` varchar(255) DEFAULT NULL,
  `nom` varchar(255) DEFAULT NULL,
  PRIMARY KEY (`id`)
) ENGINE=InnoDB AUTO_INCREMENT=3 DEFAULT CHARSET=utf8mb4 COLLATE=utf8mb4_0900_ai_ci;
/*!40101 SET character_set_client = @saved_cs_client */;

--
-- Dumping data for table `bibliotheque`
--

LOCK TABLES `bibliotheque` WRITE;
/*!40000 ALTER TABLE `bibliotheque` DISABLE KEYS */;
INSERT INTO `bibliotheque` VALUES (1,'avenue de la madelaine ','La nouvelle Bibliotheque');
/*!40000 ALTER TABLE `bibliotheque` ENABLE KEYS */;
UNLOCK TABLES;

--
-- Table structure for table `examplaire`
--

DROP TABLE IF EXISTS `examplaire`;
/*!40101 SET @saved_cs_client     = @@character_set_client */;
/*!50503 SET character_set_client = utf8mb4 */;
CREATE TABLE `examplaire` (
  `id` bigint NOT NULL AUTO_INCREMENT,
  `edition` varchar(255) DEFAULT NULL,
  `emprunt` bit(1) DEFAULT NULL,
  `livre_id` bigint DEFAULT NULL,
  PRIMARY KEY (`id`),
  KEY `FK5hsq1l47fb935aiqufstduraq` (`livre_id`),
  CONSTRAINT `FK5hsq1l47fb935aiqufstduraq` FOREIGN KEY (`livre_id`) REFERENCES `livre` (`id`)
) ENGINE=InnoDB AUTO_INCREMENT=90 DEFAULT CHARSET=utf8mb4 COLLATE=utf8mb4_0900_ai_ci;
/*!40101 SET character_set_client = @saved_cs_client */;

--
-- Dumping data for table `examplaire`
--

LOCK TABLES `examplaire` WRITE;
/*!40000 ALTER TABLE `examplaire` DISABLE KEYS */;
INSERT INTO `examplaire` VALUES (45,'Pocket',_binary '\0',1),(47,'Pocket',_binary '',1),(48,'Pocket',_binary '',1),(51,'Pocket',_binary '\0',3),(52,'Pocket',_binary '\0',3),(53,'Pocket',_binary '\0',3),(54,'Michel Lafon',_binary '',4),(55,'Michel Lafon',_binary '\0',4),(68,'Michel Lafon ',_binary '',4),(69,'Michel Lafon ',_binary '',4),(70,'Albain Michel ',_binary '\0',6),(71,'Albain Michel ',_binary '\0',6),(72,'Albain Michel ',_binary '\0',6),(73,'Albain Michel ',_binary '\0',6),(74,'Alisio ',_binary '\0',7),(75,'Alisio ',_binary '\0',7),(76,'Alisio ',_binary '\0',7),(77,'Alisio ',_binary '\0',7),(78,'Alisio ',_binary '\0',7),(79,'10/18 ',_binary '',8),(80,'10/18 ',_binary '\0',8),(81,'Pocket',_binary '',9),(82,'Pocket',_binary '\0',9),(83,'Pocket',_binary '\0',9),(84,'Pocket',_binary '\0',10),(85,'Pocket',_binary '\0',10),(86,'Pocket',_binary '\0',10),(87,'Pocket',_binary '\0',10),(88,'Pocket',_binary '\0',10),(89,'Pocket',_binary '\0',10);
/*!40000 ALTER TABLE `examplaire` ENABLE KEYS */;
UNLOCK TABLES;

--
-- Table structure for table `hibernate_sequence`
--

DROP TABLE IF EXISTS `hibernate_sequence`;
/*!40101 SET @saved_cs_client     = @@character_set_client */;
/*!50503 SET character_set_client = utf8mb4 */;
CREATE TABLE `hibernate_sequence` (
  `next_val` bigint DEFAULT NULL
) ENGINE=InnoDB DEFAULT CHARSET=utf8mb4 COLLATE=utf8mb4_0900_ai_ci;
/*!40101 SET character_set_client = @saved_cs_client */;

--
-- Dumping data for table `hibernate_sequence`
--

LOCK TABLES `hibernate_sequence` WRITE;
/*!40000 ALTER TABLE `hibernate_sequence` DISABLE KEYS */;
INSERT INTO `hibernate_sequence` VALUES (1);
/*!40000 ALTER TABLE `hibernate_sequence` ENABLE KEYS */;
UNLOCK TABLES;

--
-- Table structure for table `image_gallery`
--

DROP TABLE IF EXISTS `image_gallery`;
/*!40101 SET @saved_cs_client     = @@character_set_client */;
/*!50503 SET character_set_client = utf8mb4 */;
CREATE TABLE `image_gallery` (
  `id` bigint NOT NULL AUTO_INCREMENT,
  `name` varchar(255) CHARACTER SET utf8mb4 COLLATE utf8mb4_0900_ai_ci NOT NULL,
  `image` longblob,
  PRIMARY KEY (`id`)
) ENGINE=InnoDB AUTO_INCREMENT=37 DEFAULT CHARSET=utf8;
/*!40101 SET character_set_client = @saved_cs_client */;

--
-- Dumping data for table `image_gallery`
--

LOCK TABLES `image_gallery` WRITE;
/*!40000 ALTER TABLE `image_gallery` DISABLE KEYS */;
INSERT INTO `image_gallery` VALUES (3,'La-fille-de-papier.jpg',NULL),(8,'Minier-Bernard-N-EteinsPasLaLumiere.jpg',NULL),(18,'CoderPropremenent.jpg',NULL),(19,'Arche.jpg',NULL),(20,'Arche.jpg',NULL),(21,'21-Lecon.jpg',NULL),(24,'DeepWork.jpg',NULL),(26,'leCoeurLacche.jpg',NULL),(28,'UnePutain.jpg',NULL),(32,'QueTaVolonté.jpg',NULL),(33,'Thanatonautes.jpg',NULL),(34,'Wow.jpg',NULL),(35,'millenium.jpg',NULL),(36,'millenium.jpg',NULL);
/*!40000 ALTER TABLE `image_gallery` ENABLE KEYS */;
UNLOCK TABLES;

--
-- Table structure for table `livre`
--

DROP TABLE IF EXISTS `livre`;
/*!40101 SET @saved_cs_client     = @@character_set_client */;
/*!50503 SET character_set_client = utf8mb4 */;
CREATE TABLE `livre` (
  `id` bigint NOT NULL AUTO_INCREMENT,
  `auteur` varchar(255) DEFAULT NULL,
  `titre` varchar(255) DEFAULT NULL,
  `bibliotheque_id` bigint DEFAULT NULL,
  `image_id` bigint DEFAULT NULL,
  `description` text,
  PRIMARY KEY (`id`),
  UNIQUE KEY `UKc2553wppf7coad67jpsh9egga` (`titre`),
  KEY `FKr1d20hy7k1mp2fphrnl87mycb` (`bibliotheque_id`),
  KEY `FK4g9h7xlayt8p25wqvr1ep568l` (`image_id`),
  CONSTRAINT `FK4g9h7xlayt8p25wqvr1ep568l` FOREIGN KEY (`image_id`) REFERENCES `image_gallery` (`id`),
  CONSTRAINT `FKr1d20hy7k1mp2fphrnl87mycb` FOREIGN KEY (`bibliotheque_id`) REFERENCES `bibliotheque` (`id`)
) ENGINE=InnoDB AUTO_INCREMENT=14 DEFAULT CHARSET=utf8mb4 COLLATE=utf8mb4_0900_ai_ci;
/*!40101 SET character_set_client = @saved_cs_client */;

--
-- Dumping data for table `livre`
--

LOCK TABLES `livre` WRITE;
/*!40000 ALTER TABLE `livre` DISABLE KEYS */;
INSERT INTO `livre` VALUES (1,'Bernard Minier ','N\'éteins pas la lumière ',1,8,'Le soir de Noël, Christine Steinmeyer, animatrice radio à Toulouse, trouve dans sa boîte aux lettres le courrier d\'une femme qui annonce son suicide. Elle est convaincue que le message ne lui est pas destiné.'),(3,'Guillaume Musso','La Fille de Papier',1,3,'Ensemble, Tom et Billie vont vivre une aventure extraordinaire où la réalité et la fiction s\'entremêlent et se bousculent dans un jeu séduisant et mortel... Une comédie vive et piquante. Un suspense romantique et fantastique. Quand la vie ne tient plus qu\'à un livre !'),(4,'Julie de Lestrange','La Nouvelle Arche',1,20,'Mathilde est l\'une des premières. Aujourd\'hui âgée de 20 ans, elle s\'occupe des futures générations qui grandissent au Centre. Comme elle, ces spécimens n\'auront pas d\'enfance. Comme elle, ils naîtront, prêts à se battre, pour affronter l\'ennemi invisible qui terrorise leur Communauté.'),(6,'Yuval Noah Harari','21 leçons pour le XXIe siècle',1,21,'Après Sapiens qui explorait le passé de notre humanité et Homo deus la piste d\'un avenir gouverné par l\'intelligence artificielle, 21 leçons pour le XXIe siècle nous confronte aux grands défis contemporains. Pourquoi la démocratie libérale est-elle en crise ? Sommes-nous à l\'aube d\'une nouvelle guerre mondiale ? Que faire devant l\'épidémie de \"fake news\" ? Quelle civilisation domine le monde : l\'Occident, la Chine ou l\'Islam ? Que devons-nous enseigner à nos enfants ?'),(7,'Cal Newport','Deep work',1,24,'“Deep Work” de Cal Newport est un livre sur la science de la productivité. Cal Newport affirme que le meilleur moyen d’obtenir un travail plus significatif est de travailler en profondeur – de travailler dans un état de concentration élevée sans distractions sur une seule tâche.'),(8,'Margaret Atwood','C\'est le coeur qui lâche en dernier',1,26,'Avec C’est le coeur qui lâche en dernier, Margaret Atwood nous livre un roman aussi hilarant qu’inquiétant, une implacable satire de nos vices et travers qui nous enferment dans de viles obsessions quand le monde entier est en passe de disparaître.'),(9,'Bernard Minier','Une putain d\'histoire',1,28,'Une île boisée au large de Seattle... \" Au commencement est la peur.La peur de se noyer.La peur des autres, ceux qui me détestent, ceux qui veulent ma peau. Autant vous le dire tout de suite : Ce n\'est pas une histoire banale. Ça non. c\'est une putain d\'histoire.Ouais, une putain d\'histoire... \" Un thriller implacable'),(10,'Maxime Chattam','Que ta volonté soit faite',1,32,'Jon Petersen. Enfanté dans le sang, élevé à la dure par son grand-père Ingmar, figure imposante et violente, et ses deux tantes, Rackel et Hannah. ... Dès lors que l\'on touche à ses fourmilières, Jon enrage et bien lui aura pris à ce jeune Tyler qui finira sous les coups acharnés de ce dernier et en sang, le visage démoli.'),(11,'BernarWerber','Les Thanatonautes',1,33,'L\'homme a tout exploré : le monde de l\'espace, le monde sous-marin, le monde souterrain ; pourtant il lui manque la connaissance d\'un monde : le continent des morts.'),(13,'Stieg Larson','Les hommes qui n\'aimaient pas les femmes : Millénium 1',1,35,'Contraint d\'abandonner son poste de rédacteur pour avoir diffamé un requin de la finance, Mikael Blomkvist est bientôt associé à Lisbeth Salander, jeune femme rebelle et fouineuse, pour travailler avec Henrik Vanger, un industriel désireux de faire la lumière sur la disparition, vieille de plus de trente ans, de sa petite nièce, au cours d\'une réunion familiale... Le premier volet de la série culte.');
/*!40000 ALTER TABLE `livre` ENABLE KEYS */;
UNLOCK TABLES;

--
-- Table structure for table `pret`
--

DROP TABLE IF EXISTS `pret`;
/*!40101 SET @saved_cs_client     = @@character_set_client */;
/*!50503 SET character_set_client = utf8mb4 */;
CREATE TABLE `pret` (
  `id` bigint NOT NULL AUTO_INCREMENT,
  `date_debut` date DEFAULT NULL,
  `date_fin` date DEFAULT NULL,
  `email` bit(1) DEFAULT NULL,
  `prolonger` bit(1) DEFAULT NULL,
  `examplaire_id` bigint DEFAULT NULL,
  `statut_id` bigint DEFAULT NULL,
  `user_id` bigint DEFAULT NULL,
  `image_id` bigint DEFAULT NULL,
  PRIMARY KEY (`id`),
  KEY `FKakhpji20vitn7fv5oa1f2nxj7` (`examplaire_id`),
  KEY `FKrbbbegkxh6c9wnybu9phurbs3` (`statut_id`),
  KEY `FK48na46jxkydna4wrnq22fb3e` (`user_id`),
  KEY `FKm79pvipv5c4a9yxyfu5imc4dj` (`image_id`),
  CONSTRAINT `FK48na46jxkydna4wrnq22fb3e` FOREIGN KEY (`user_id`) REFERENCES `user` (`id`),
  CONSTRAINT `FKakhpji20vitn7fv5oa1f2nxj7` FOREIGN KEY (`examplaire_id`) REFERENCES `examplaire` (`id`),
  CONSTRAINT `FKm79pvipv5c4a9yxyfu5imc4dj` FOREIGN KEY (`image_id`) REFERENCES `image_gallery` (`id`),
  CONSTRAINT `FKrbbbegkxh6c9wnybu9phurbs3` FOREIGN KEY (`statut_id`) REFERENCES `statut` (`id`)
) ENGINE=InnoDB AUTO_INCREMENT=149 DEFAULT CHARSET=utf8mb4 COLLATE=utf8mb4_0900_ai_ci;
/*!40101 SET character_set_client = @saved_cs_client */;

--
-- Dumping data for table `pret`
--

LOCK TABLES `pret` WRITE;
/*!40000 ALTER TABLE `pret` DISABLE KEYS */;
INSERT INTO `pret` VALUES (142,'2021-06-05','2021-07-03',_binary '\0',_binary '\0',54,2,9,20),(143,'2021-06-05','2021-07-03',_binary '\0',_binary '\0',48,2,9,8),(144,'2021-06-05','2021-07-03',_binary '\0',_binary '\0',79,2,2,26),(145,'2021-06-05','2021-07-03',_binary '\0',_binary '\0',47,2,2,8),(146,'2021-06-05','2021-07-03',_binary '\0',_binary '\0',69,2,10,20);
/*!40000 ALTER TABLE `pret` ENABLE KEYS */;
UNLOCK TABLES;

--
-- Table structure for table `statut`
--

DROP TABLE IF EXISTS `statut`;
/*!40101 SET @saved_cs_client     = @@character_set_client */;
/*!50503 SET character_set_client = utf8mb4 */;
CREATE TABLE `statut` (
  `id` bigint NOT NULL AUTO_INCREMENT,
  `nom` varchar(255) DEFAULT NULL,
  PRIMARY KEY (`id`)
) ENGINE=InnoDB AUTO_INCREMENT=5 DEFAULT CHARSET=utf8mb4 COLLATE=utf8mb4_0900_ai_ci;
/*!40101 SET character_set_client = @saved_cs_client */;

--
-- Dumping data for table `statut`
--

LOCK TABLES `statut` WRITE;
/*!40000 ALTER TABLE `statut` DISABLE KEYS */;
INSERT INTO `statut` VALUES (1,'En Creation'),(2,'Valider'),(3,'Fini'),(4,'A Rendre');
/*!40000 ALTER TABLE `statut` ENABLE KEYS */;
UNLOCK TABLES;

--
-- Table structure for table `user`
--

DROP TABLE IF EXISTS `user`;
/*!40101 SET @saved_cs_client     = @@character_set_client */;
/*!50503 SET character_set_client = utf8mb4 */;
CREATE TABLE `user` (
  `id` bigint NOT NULL AUTO_INCREMENT,
  `email` varchar(255) DEFAULT NULL,
  `enabled` bit(1) NOT NULL,
  `password` varchar(255) DEFAULT NULL,
  `username` varchar(255) DEFAULT NULL,
  `matching_password` varchar(255) DEFAULT NULL,
  PRIMARY KEY (`id`)
) ENGINE=InnoDB AUTO_INCREMENT=13 DEFAULT CHARSET=utf8mb4 COLLATE=utf8mb4_0900_ai_ci;
/*!40101 SET character_set_client = @saved_cs_client */;

--
-- Dumping data for table `user`
--

LOCK TABLES `user` WRITE;
/*!40000 ALTER TABLE `user` DISABLE KEYS */;
INSERT INTO `user` VALUES (2,'smiirf123@gmail.com',_binary '\0','$2a$10$GjecpwSxYjJImn9CZ/KEA.RZqsr21ChnYnPAx9KQHML4lfoLEEtam','personnage',NULL),(4,'admin@gmail.com',_binary '\0','$2a$10$Xu78tXpKulfVkwLSFtzpdOss/n21rZliNevW23CoWBhXVibeQbmva','ADMIN',NULL),(5,'batch@gmail.com',_binary '\0','$2a$10$DI4JR2gs8Vs8d0ggQ65uR.9THZnf4FEhgYO7SdruVcItLDjmRJDEG','batch',NULL),(9,'damien.dorval1@gmail.com',_binary '\0','$2a$10$ImdlyDi9X.hprpplEFj3Ou7IHX.StErQHzFSw8IJ1EuTwLvW.lYa2','sebastien974',NULL),(10,'angela2A@gmail.com',_binary '\0','$2a$10$sj/laeon/KbaVEBGhGHcq.Q8RVcosXwQ1cw54U5Zo9D19CMnVm.S2','Angela2A',NULL);
/*!40000 ALTER TABLE `user` ENABLE KEYS */;
UNLOCK TABLES;

--
-- Table structure for table `verification_token`
--

DROP TABLE IF EXISTS `verification_token`;
/*!40101 SET @saved_cs_client     = @@character_set_client */;
/*!50503 SET character_set_client = utf8mb4 */;
CREATE TABLE `verification_token` (
  `id` bigint NOT NULL,
  `expiry_date` datetime(6) DEFAULT NULL,
  `token` varchar(255) DEFAULT NULL,
  `user_id` bigint NOT NULL,
  PRIMARY KEY (`id`),
  KEY `FKrdn0mss276m9jdobfhhn2qogw` (`user_id`),
  CONSTRAINT `FKrdn0mss276m9jdobfhhn2qogw` FOREIGN KEY (`user_id`) REFERENCES `user` (`id`)
) ENGINE=InnoDB DEFAULT CHARSET=utf8mb4 COLLATE=utf8mb4_0900_ai_ci;
/*!40101 SET character_set_client = @saved_cs_client */;

--
-- Dumping data for table `verification_token`
--

LOCK TABLES `verification_token` WRITE;
/*!40000 ALTER TABLE `verification_token` DISABLE KEYS */;
/*!40000 ALTER TABLE `verification_token` ENABLE KEYS */;
UNLOCK TABLES;
/*!40103 SET TIME_ZONE=@OLD_TIME_ZONE */;

/*!40101 SET SQL_MODE=@OLD_SQL_MODE */;
/*!40014 SET FOREIGN_KEY_CHECKS=@OLD_FOREIGN_KEY_CHECKS */;
/*!40014 SET UNIQUE_CHECKS=@OLD_UNIQUE_CHECKS */;
/*!40101 SET CHARACTER_SET_CLIENT=@OLD_CHARACTER_SET_CLIENT */;
/*!40101 SET CHARACTER_SET_RESULTS=@OLD_CHARACTER_SET_RESULTS */;
/*!40101 SET COLLATION_CONNECTION=@OLD_COLLATION_CONNECTION */;
/*!40111 SET SQL_NOTES=@OLD_SQL_NOTES */;

-- Dump completed on 2021-06-11 15:37:44
